{
  "metadata": {
    "timestamp": "2025-12-29T23:33:01.604545",
    "num_orders": 10,
    "num_vehicles": 3
  },
  "depot": {
    "id": 0,
    "x": 50.0,
    "y": 50.0,
    "type": "DEPOT",
    "demand": 0,
    "ready_time": 0,
    "due_time": 480,
    "service_time": 0,
    "pair_id": null,
    "order_id": null
  },
  "orders": [
    {
      "id": 0,
      "demand": 3,
      "pickup": {
        "id": 1,
        "x": 63.942679845788376,
        "y": 2.5010755222666936,
        "type": "PICKUP",
        "demand": 3,
        "ready_time": 212.10370967923558,
        "due_time": 242.10370967923558,
        "service_time": 3,
        "pair_id": 2,
        "order_id": 0
      },
      "delivery": {
        "id": 2,
        "x": 41.4456116827003,
        "y": 0,
        "type": "DELIVERY",
        "demand": -3,
        "ready_time": 237.73937743396976,
        "due_time": 267.73937743396976,
        "service_time": 2,
        "pair_id": 1,
        "order_id": 0
      }
    },
    {
      "id": 1,
      "demand": 1,
      "pickup": {
        "id": 3,
        "x": 8.693883262941615,
        "y": 42.192181968527045,
        "type": "PICKUP",
        "demand": 1,
        "ready_time": 145.54232297376836,
        "due_time": 175.54232297376836,
        "service_time": 3,
        "pair_id": 4,
        "order_id": 1
      },
      "delivery": {
        "id": 4,
        "x": 0,
        "y": 14.055979448887381,
        "type": "DELIVERY",
        "demand": -1,
        "ready_time": 177.99108353199617,
        "due_time": 207.99108353199617,
        "service_time": 2,
        "pair_id": 3,
        "order_id": 1
      }
    },
    {
      "id": 2,
      "demand": 1,
      "pickup": {
        "id": 5,
        "x": 71.60196129224035,
        "y": 70.13249735902359,
        "type": "PICKUP",
        "demand": 1,
        "ready_time": 80.11892397043087,
        "due_time": 110.11892397043087,
        "service_time": 3,
        "pair_id": 6,
        "order_id": 2
      },
      "delivery": {
        "id": 6,
        "x": 63.55394338840622,
        "y": 65.05340198740895,
        "type": "DELIVERY",
        "demand": -1,
        "ready_time": 107.50493038628954,
        "due_time": 137.50493038628954,
        "service_time": 2,
        "pair_id": 5,
        "order_id": 2
      }
    },
    {
      "id": 3,
      "demand": 1,
      "pickup": {
        "id": 7,
        "x": 69.81393949882269,
        "y": 34.02505165179919,
        "type": "PICKUP",
        "demand": 1,
        "ready_time": 96.93922899243651,
        "due_time": 126.93922899243651,
        "service_time": 3,
        "pair_id": 8,
        "order_id": 3
      },
      "delivery": {
        "id": 8,
        "x": 35.36188948000085,
        "y": 79.7463588724773,
        "type": "DELIVERY",
        "demand": -1,
        "ready_time": 157.18764979569565,
        "due_time": 187.18764979569565,
        "service_time": 2,
        "pair_id": 7,
        "order_id": 3
      }
    },
    {
      "id": 4,
      "demand": 2,
      "pickup": {
        "id": 9,
        "x": 35.89793804846284,
        "y": 34.39557224789711,
        "type": "PICKUP",
        "demand": 2,
        "ready_time": 132.31436534549064,
        "due_time": 162.31436534549064,
        "service_time": 3,
        "pair_id": 10,
        "order_id": 4
      },
      "delivery": {
        "id": 10,
        "x": 12.350024770664149,
        "y": 0,
        "type": "DELIVERY",
        "demand": -2,
        "ready_time": 176.9984103747226,
        "due_time": 206.9984103747226,
        "service_time": 2,
        "pair_id": 9,
        "order_id": 4
      }
    },
    {
      "id": 5,
      "demand": 1,
      "pickup": {
        "id": 11,
        "x": 7.880019807845818,
        "y": 29.317828140709288,
        "type": "PICKUP",
        "demand": 1,
        "ready_time": 104.15088753608924,
        "due_time": 134.15088753608924,
        "service_time": 3,
        "pair_id": 12,
        "order_id": 5
      },
      "delivery": {
        "id": 12,
        "x": 20.743999757290155,
        "y": 67.86300293438998,
        "type": "DELIVERY",
        "demand": -1,
        "ready_time": 147.7860014157759,
        "due_time": 177.7860014157759,
        "service_time": 2,
        "pair_id": 11,
        "order_id": 5
      }
    },
    {
      "id": 6,
      "demand": 2,
      "pickup": {
        "id": 13,
        "x": 4.5824383655662215,
        "y": 22.789827565154685,
        "type": "PICKUP",
        "demand": 2,
        "ready_time": 67.0437752719767,
        "due_time": 97.0437752719767,
        "service_time": 3,
        "pair_id": 14,
        "order_id": 6
      },
      "delivery": {
        "id": 14,
        "x": 0,
        "y": 0,
        "type": "DELIVERY",
        "demand": -2,
        "ready_time": 93.28974227323732,
        "due_time": 123.28974227323732,
        "service_time": 2,
        "pair_id": 13,
        "order_id": 6
      }
    },
    {
      "id": 7,
      "demand": 3,
      "pickup": {
        "id": 15,
        "x": 45.34103023684355,
        "y": 83.41104266407503,
        "type": "PICKUP",
        "demand": 3,
        "ready_time": 193.01045022077568,
        "due_time": 223.01045022077568,
        "service_time": 3,
        "pair_id": 16,
        "order_id": 7
      },
      "delivery": {
        "id": 16,
        "x": 11.606439952452035,
        "y": 68.93811268682717,
        "type": "DELIVERY",
        "demand": -3,
        "ready_time": 232.7186003210202,
        "due_time": 262.7186003210202,
        "service_time": 2,
        "pair_id": 15,
        "order_id": 7
      }
    },
    {
      "id": 8,
      "demand": 3,
      "pickup": {
        "id": 17,
        "x": 64.80353852465936,
        "y": 60.913100566698816,
        "type": "PICKUP",
        "demand": 3,
        "ready_time": 47.05991820343537,
        "due_time": 77.05991820343537,
        "service_time": 3,
        "pair_id": 18,
        "order_id": 8
      },
      "delivery": {
        "id": 18,
        "x": 31.917403344469058,
        "y": 83.82578036173373,
        "type": "DELIVERY",
        "demand": -3,
        "ready_time": 90.14094591580263,
        "due_time": 120.14094591580263,
        "service_time": 2,
        "pair_id": 17,
        "order_id": 8
      }
    },
    {
      "id": 9,
      "demand": 2,
      "pickup": {
        "id": 19,
        "x": 68.81619584333131,
        "y": 21.961517397026896,
        "type": "PICKUP",
        "demand": 2,
        "ready_time": 16.110128894193775,
        "due_time": 46.11012889419378,
        "service_time": 3,
        "pair_id": 20,
        "order_id": 9
      },
      "delivery": {
        "id": 20,
        "x": 51.2444692848635,
        "y": 48.79287515626412,
        "type": "DELIVERY",
        "demand": -2,
        "ready_time": 51.18328485754952,
        "due_time": 81.18328485754952,
        "service_time": 2,
        "pair_id": 19,
        "order_id": 9
      }
    }
  ],
  "vehicles": [
    {
      "id": 0,
      "capacity": 10,
      "speed": 1.0,
      "route": [
        {
          "id": 19,
          "x": 68.81619584333131,
          "y": 21.961517397026896,
          "type": "PICKUP",
          "demand": 2,
          "ready_time": 16.110128894193775,
          "due_time": 46.11012889419378,
          "service_time": 3,
          "pair_id": 20,
          "order_id": 9
        },
        {
          "id": 20,
          "x": 51.2444692848635,
          "y": 48.79287515626412,
          "type": "DELIVERY",
          "demand": -2,
          "ready_time": 51.18328485754952,
          "due_time": 81.18328485754952,
          "service_time": 2,
          "pair_id": 19,