{
  "experiment_name": "exp_20251231_224924",
  "timestamp": "2025-12-31T22:49:24.349227",
  "solver": "ALNS",
  "problem": {
    "num_orders": 200,
    "num_vehicles": 40,
    "random_seed": 42
  },
  "timing": {
    "generation_time_seconds": 0.0019989013671875,
    "solve_time_seconds": 7.077154874801636,
    "total_time_seconds": 7.079153776168823
  },
  "results": {
    "total_cost": 6985354.345758461,
    "total_distance": 16751.414608815503,
    "total_time_violation": 69666.02931149646,
    "num_vehicles_used": 40,
    "num_unassigned": 0,
    "is_feasible": true
  },
  "solver_specific": {
    "solver_type": "rl",
    "num_orders": 200,
    "num_vehicles": 40,
    "random_seed": 42,
    "max_iterations": 150
  }
}