{
  "num_orders": 10,
  "num_vehicles": 3,
  "depot": {
    "id": 0,
    "x": 50.0,
    "y": 50.0,
    "type": "DEPOT",
    "demand": 0,
    "ready_time": 0,
    "due_time": 240,
    "service_time": 0,
    "pair_id": null,
    "order_id": null
  },
  "orders": [
    {
      "id": 0,
      "demand": 3,
      "pickup": {
        "id": 1,
        "x": 63.942679845788376,
        "y": 2.5010755222666936,
        "type": "PICKUP",
        "demand": 3,
        "ready_time": 106.05185483961779,
        "due_time": 136.0518548396178,
        "service_time": 5,
        "pair_id": 2,
        "order_id": 0
      },
      "delivery": {
        "id": 2,
        "x": 41.4456116827003,
        "y": 0,
        "type": "DELIVERY",
        "demand": -3,
        "ready_time": 129.58584458807601,
        "due_time": 159.58584458807601,
        "service_time": 4,
        "pair_id": 1,
        "order_id": 0
      }
    },
    {
      "id": 1,
      "demand": 1,
      "pickup": {
        "id": 3,
        "x": 8.693883262941615,
        "y": 42.192181968527045,
        "type": "PICKUP",
        "demand": 1,
        "ready_time": 72.77116148688418,
        "due_time": 102.77116148688418,
        "service_time": 5,
        "pair_id": 4,
        "order_id": 1
      },
      "delivery": {
        "id": 4,
        "x": 0,
        "y": 14.055979448887381,
        "type": "DELIVERY",
        "demand": -1,
        "ready_time": 86.69502832271078,
        "due_time": 116.69502832271078,
        "service_time": 4,
        "pair_id": 3,
        "order_id": 1
      }
    },
    {
      "id": 2,
      "demand": 1,
      "pickup": {
        "id": 5,
        "x": 71.60196129224035,
        "y": 70.13249735902359,
        "type": "PICKUP",
        "demand": 1,
        "ready_time": 40.059461985215435,
        "due_time": 70.05946198521544,
        "service_time": 5,
        "pair_id": 6,
        "order_id": 2
      },
      "delivery": {
        "id": 6,
        "x": 63.55394338840622,
        "y": 65.05340198740895,
        "type": "DELIVERY",
        "demand": -1,
        "ready_time": 67.44546840107412,
        "due_time": 97.44546840107412,
        "service_time": 4,
        "pair_id": 5,
        "order_id": 2
      }
    },
    {
      "id": 3,
      "demand": 1,
      "pickup": {
        "id": 7,
        "x": 69.81393949882269,
        "y": 34.02505165179919,
        "type": "PICKUP",
        "demand": 1,
        "ready_time": 48.469614496218256,
        "due_time": 78.46961449621826,
        "service_time": 5,
        "pair_id": 8,
        "order_id": 3
      },
      "delivery": {
        "id": 8,
        "x": 35.36188948000085,
        "y": 79.7463588724773,
        "type": "DELIVERY",
        "demand": -1,
        "ready_time": 70.81762080023617,
        "due_time": 100.81762080023617,
        "service_time": 4,
        "pair_id": 7,
        "order_id": 3
      }
    },
    {
      "id": 4,
      "demand": 2,
      "pickup": {
        "id": 9,
        "x": 35.89793804846284,
        "y": 34.39557224789711,
        "type": "PICKUP",
        "demand": 2,
        "ready_time": 66.15718267274532,
        "due_time": 96.15718267274532,
        "service_time": 5,
        "pair_id": 10,
        "order_id": 4
      },
      "delivery": {
        "id": 10,
        "x": 12.350024770664149,
        "y": 0,
        "type": "DELIVERY",
        "demand": -2,
        "ready_time": 83.78871146948228,
        "due_time": 113.78871146948228,
        "service_time": 4,
        "pair_id": 9,
        "order_id": 4
      }
    },
    {
      "id": 5,
      "demand": 1,
      "pickup": {
        "id": 11,
        "x": 7.880019807845818,
        "y": 29.317828140709288,
        "type": "PICKUP",
        "demand": 1,
        "ready_time": 52.07544376804462,
        "due_time": 82.07544376804462,
        "service_time": 5,
        "pair_id": 12,
        "order_id": 5
      },
      "delivery": {
        "id": 12,
        "x": 20.743999757290155,
        "y": 67.86300293438998,
        "type": "DELIVERY",
        "demand": -1,
        "ready_time": 69.38911464067694,
        "due_time": 99.38911464067694,
        "service_time": 4,
        "pair_id": 11,
        "order_id": 5
      }
    },
    {
      "id": 6,
      "demand": 2,
      "pickup": {
        "id": 13,
        "x": 4.5824383655662215,
        "y": 22.789827565154685,
        "type": "PICKUP",
        "demand": 2,
        "ready_time": 33.52188763598835,
        "due_time": 63.52188763598835,
        "service_time": 5,
        "pair_id": 14,
        "order_id": 6
      },
      "delivery": {
        "id": 14,
        "x": 0,
        "y": 0,
        "type": "DELIVERY",
        "demand": -2,
        "ready_time": 45.56612006061278,
        "due_time": 75.56612006061277,
        "service_time": 4,
        "pair_id": 13,
        "order_id": 6
      }
    },
    {
      "id": 7,
      "demand": 3,
      "pickup": {
        "id": 15,
        "x": 45.34103023684355,
        "y": 83.41104266407503,
        "type": "PICKUP",
        "demand": 3,
        "ready_time": 96.50522511038784,
        "due_time": 126.50522511038784,
        "service_time": 5,
        "pair_id": 16,
        "order_id": 7
      },
      "delivery": {
        "id": 16,
        "x": 11.606439952452035,
        "y": 68.93811268682717,
        "type": "DELIVERY",
        "demand": -3,
        "ready_time": 120.54163137955886,
        "due_time": 150.54163137955885,
        "service_time": 4,
        "pair_id": 15,
        "order_id": 7
      }
    },
    {
      "id": 8,
      "demand": 3,
      "pickup": {
        "id": 17,
        "x": 64.80353852465936,
        "y": 60.913100566698816,
        "type": "PICKUP",
        "demand": 3,
        "ready_time": 23.529959101717687,
        "due_time": 53.52995910171769,
        "service_time": 5,
        "pair_id": 18,
        "order_id": 8
      },
      "delivery": {
        "id": 18,
        "x": 31.917403344469058,
        "y": 83.82578036173373,
        "type": "DELIVERY",
        "demand": -3,
        "ready_time": 41.11906793687064,
        "due_time": 71.11906793687064,
        "service_time": 4,
        "pair_id": 17,
        "order_id": 8
      }
    },
    {
      "id": 9,
      "demand": 2,
      "pickup": {
        "id": 19,
        "x": 68.81619584333131,
        "y": 21.961517397026896,
        "type": "PICKUP",
        "demand": 2,
        "ready_time": 8.055064447096887,
        "due_time": 38.05506444709689,
        "service_time": 5,
        "pair_id": 20,
        "order_id": 9
      },
      "delivery": {
        "id": 20,
        "x": 51.2444692848635,
        "y": 48.79287515626412,
        "type": "DELIVERY",
        "demand": -2,
        "ready_time": 34.49111632723305,
        "due_time": 64.49111632723304,
        "service_time": 4,
        "pair_id": 19,
        "order_id": 9
      }
    }
  ]
}