{
  "experiment_name": "exp_20260101_194710",
  "timestamp": "2026-01-01T19:47:10.773831",
  "solver": "ALNS",
  "problem": {
    "num_orders": 500,
    "num_vehicles": 20,
    "random_seed": 42
  },
  "timing": {
    "generation_time_seconds": 0.31981682777404785,
    "solve_time_seconds": 256.35585165023804,
    "total_time_seconds": 256.6756684780121
  },
  "results": {
    "total_cost": 2093030.1347687207,
    "total_distance": 12038.246285228059,
    "total_time_violation": 20759.918884834926,
    "num_vehicles_used": 100,
    "num_unassigned": 0,
    "is_feasible": false
  },
  "solver_specific": {
    "solver_type": "alns-dc",
    "num_orders": 500,
    "num_vehicles": 20,
    "random_seed": 42,
    "max_iterations": 500
  }
}