{
  "metadata": {
    "timestamp": "2025-12-30T12:33:39.594221",
    "num_orders": 5,
    "num_vehicles": 2,
    "solver": "ALNS",
    "solve_time_seconds": 0.039032936096191406,
    "generation_time_seconds": 0.03356766700744629,
    "total_time_seconds": 0.0726006031036377
  },
  "depot": {
    "id": 0,
    "x": 50.0,
    "y": 50.0,
    "type": "DEPOT",
    "demand": 0,
    "ready_time": 0,
    "due_time": 240,
    "service_time": 0,
    "pair_id": null,
    "order_id": null
  },
  "orders": [
    {
      "id": 0,
      "demand": 3,
      "pickup": {
        "id": 1,
        "x": 63.942679845788376,
        "y": 2.5010755222666936,
        "type": "PICKUP",
        "demand": 3,
        "ready_time": 106.05185483961779,
        "due_time": 136.0518548396178,
        "service_time": 5,
        "pair_id": 2,
        "order_id": 0
      },
      "delivery": {
        "id": 2,
        "x": 41.4456116827003,
        "y": 0,
        "type": "DELIVERY",
        "demand": -3,
        "ready_time": 129.58584458807601,
        "due_time": 159.58584458807601,
        "service_time": 4,
        "pair_id": 1,
        "order_id": 0
      }
    },
    {
      "id": 1,
      "demand": 1,
      "pickup": {
        "id": 3,
        "x": 8.693883262941615,
        "y": 42.192181968527045,
        "type": "PICKUP",
        "demand": 1,
        "ready_time": 72.77116148688418,
        "due_time": 102.77116148688418,
        "service_time": 5,
        "pair_id": 4,
        "order_id": 1
      },
      "delivery": {
        "id": 4,
        "x": 0,
        "y": 14.055979448887381,
        "type": "DELIVERY",
        "demand": -1,
        "ready_time": 86.69502832271078,
        "due_time": 116.69502832271078,
        "service_time": 4,
        "pair_id": 3,
        "order_id": 1
      }
    },
    {
      "id": 2,
      "demand": 1,
      "pickup": {
        "id": 5,
        "x": 71.60196129224035,
        "y": 70.13249735902359,
        "type": "PICKUP",
        "demand": 1,
        "ready_time": 40.059461985215435,
        "due_time": 70.05946198521544,
        "service_time": 5,
        "pair_id": 6,
        "order_id": 2
      },
      "delivery": {
        "id": 6,
        "x": 63.55394338840622,
        "y": 65.05340198740895,
        "type": "DELIVERY",
        "demand": -1,
        "ready_time": 67.44546840107412,
        "due_time": 97.44546840107412,
        "service_time": 4,
        "pair_id": 5,
        "order_id": 2
      }
    },
    {
      "id": 3,
      "demand": 1,
      "pickup": {
        "id": 7,
        "x": 69.81393949882269,
        "y": 34.02505165179919,
        "type": "PICKUP",
        "demand": 1,
        "ready_time": 48.469614496218256,
        "due_time": 78.46961449621826,
        "service_time": 5,
        "pair_id": 8,
        "order_id": 3
      },
      "delivery": {
        "id": 8,
        "x": 35.36188948000085,
        "y": 79.7463588724773,
        "type": "DELIVERY",
        "demand": -1,
        "ready_time": 70.81762080023617,
        "due_time": 100.81762080023617,
        "service_time": 4,
        "pair_id": 7,
        "order_id": 3
      }
    },
    {
      "id": 4,
      "demand": 2,
      "pickup": {
        "id": 9,
        "x": 35.89793804846284,
        "y": 34.39557224789711,
        "type": "PICKUP",
        "demand": 2,
        "ready_time": 66.15718267274532,
        "due_time": 96.15718267274532,
        "service_time": 5,
        "pair_id": 10,
        "order_id": 4
      },
      "delivery": {
        "id": 10,
        "x": 12.350024770664149,
        "y": 0,
        "type": "DELIVERY",
        "demand": -2,
        "ready_time": 83.78871146948228,
        "due_time": 113.78871146948228,
        "service_time": 4,
        "pair_id": 9,
        "order_id": 4
      }
    }
  ],
  "vehicles": [
    {
      "id": 0,
      "capacity": 6,
      "speed": 3.3,
      "detour_factor": 1.3,
      "route": [
        {
          "id": 7,
          "x": 69.81393949882269,
          "y": 34.02505165179919,
          "type": "PICKUP",
          "demand": 1,
          "ready_time": 48.469614496218256,
          "due_time": 78.46961449621826,
          "service_time": 5,
          "pair_id": 8,
          "order_id": 3
        },
        {
          "id": 5,
          "x": 71.60196129224035,
          "y": 70.13249735902359,
          "type": "PICKUP",
          "demand": 1,
          "ready_time": 40.059461985215435,
          "due_time": 70.05946198521544,
          "service_time": 5,
          "pair_id": 6,
          "order_id": 2
        },
        {
          "id": 6,
          "x": 63.55394338840622,
          "y": 65.05340198740895,
          "type": "DELIVERY",
          "demand": -1,
          "ready_time": 67.44546840107412,
          "due_time": 97.44546840107412,
          "service_time": 4,
          "pair_id": 5,
          "order_id": 2
        },
        {
          "id": 8,
          "x": 35.36188948000085,
          "y": 79.7463588724773,
          "type": "DELIVERY",
          "demand": -1,
          "ready_time": 70.81762080023617,
          "due_time": 100.81762080023617,
          "service_time": 4,
          "pair_id": 7,
          "order_id": 3
        }
      ],
      "route_distance": 174.08094880906452,
      "route_time_violation": 0.0,
      "num_orders": 2
    },
    {
      "id": 1,
      "capacity": 6,
      "speed": 3.3,
      "detour_factor": 1.3,
      "route": [
        {
          "id": 9,
          "x": 35.89793804846284,
          "y": 34.39557224789711,
          "type": "PICKUP",
          "demand": 2,
          "ready_time": 66.15718267274532,
          "due_time": 96.15718267274532,
          "service_time": 5,
          "pair_id": 10,
          "order_id": 4
        },
        {
          "id": 3,
          "x": 8.693883262941615,
          "y": 42.192181968527045,
          "type": "PICKUP",
          "demand": 1,
          "ready_time": 72.77116148688418,
          "due_time": 102.77116148688418,
          "service_time": 5,
          "pair_id": 4,
          "order_id": 1
        },
        {
          "id": 4,
          "x": 0,
          "y": 14.055979448887381,
          "type": "DELIVERY",
          "demand": -1,
          "ready_time": 86.69502832271078,
          "due_time": 116.69502832271078,
          "service_time": 4,
          "pair_id": 3,
          "order_id": 1
        },
        {
          "id": 10,
          "x": 12.350024770664149,
          "y": 0,
          "type": "DELIVERY",
          "demand": -2,
          "ready_time": 83.78871146948228,
          "due_time": 113.78871146948228,
          "service_time": 4,
          "pair_id": 9,
          "order_id": 4
        },
        {
          "id": 1,
          "x": 63.942679845788376,
          "y": 2.5010755222666936,
          "type": "PICKUP",
          "demand": 3,
          "ready_time": 106.05185483961779,
          "due_time": 136.0518548396178,
          "service_time": 5,
          "pair_id": 2,
          "order_id": 0
        },
        {
          "id": 2,
          "x": 41.4456116827003,
          "y": 0,
          "type": "DELIVERY",
          "demand": -3,
          "ready_time": 129.58584458807601,
          "due_time": 159.58584458807601,
          "service_time": 4,
          "pair_id": 1,
          "order_id": 0
        }
      ],
      "route_distance": 265.5895068119694,
      "route_time_violation": 13.182105550980424,
      "num_orders": 3
    }
  ],
  "unassigned_orders": [],
  "statistics": {
    "total_cost": 1857.8810107190761,
    "total_distance": 439.6704556210339,
    "total_time_violation": 13.182105550980424,
    "num_vehicles_used": 2,
    "num_unassigned": 0,
    "is_feasible": true
  },
  "additional_info": {
    "solver_type": "alns",
    "num_orders": 5,
    "num_vehicles": 2,
    "random_seed": 42,
    "max_iterations": 50,
    "total_iterations": 50,
    "acceptance_rate": 0.76,
    "improvement": 0.0
  }
}