{
  "experiment_name": "exp_20251231_133444",
  "timestamp": "2025-12-31T13:34:44.920379",
  "solver": "ALNS",
  "problem": {
    "num_orders": 200,
    "num_vehicles": 40,
    "random_seed": 42
  },
  "timing": {
    "generation_time_seconds": 0.0007903575897216797,
    "solve_time_seconds": 135.9333257675171,
    "total_time_seconds": 135.9341161251068
  },
  "results": {
    "total_cost": 1125000.0310420305,
    "total_distance": 9258.636194747613,
    "total_time_violation": 11137.41394847283,
    "num_vehicles_used": 40,
    "num_unassigned": 0,
    "is_feasible": false
  },
  "solver_specific": {
    "solver_type": "alns-dc",
    "num_orders": 200,
    "num_vehicles": 40,
    "random_seed": 42,
    "max_iterations": 30,
    "total_iterations": 3
  }
}